{
    "source": {
        "intrinsics": {
            "type": "CMei",
            "SN": "example",
            "image_dimensions": [
                808.0,
                640.0
            ],
            "focal_length": [
                589.0425940994683,
                588.3721313476562
            ],
            "principal_point": [
                406.9034423828125,
                320.3306579589844
            ],
            "max_angle": 195.0,
            "max_radius": 0.823739,
            "radial_coefficients": [
                0.08714941889047623,
                -0.07042593508958817,
                -0.4589200019836426,
                0.0,
                0.0,
                0.0,
                0.0,
                0.0,
                0.0,
                0.0,
                0.0,
                0.0,
                0.0,
                0.0,
                0.0
            ],
            "tangential_coefficients": [
                0.0,
                0.0,
                0.0,
                0.0
            ],
            "spherical_projection_factor": 1.5055373907089233,
            "skew": 0.0,
            "embedded_lines": [
                0,
                0
            ],
            "roi_offset": [
                0,
                0
            ],
            "roi_dimensions": [
                808.0,
                640.0
            ]
        },
        "extrinsics": {
            "translation": [
                1.9201219081878662,
                -0.9776998162269592,
                0.9512037038803101
            ],
            "rotation": [
                -0.34696049338678137,
                -0.13958735427012256,
                0.7097578165177578,
                -0.5969737250906554
            ]
        }
    },
    "target": {
        "intrinsics": {
            "type": "DeformedCylinder",
            "image_dimensions": [
                768.0,
                768.0
            ],
            "focal_length": [
                229.185,
                229.185
            ],
            "principal_point": [
                384.0,
                249.695
            ],
            "cut_angle_upper": -20.0,
            "cut_angle_lower": 20.0,
            "use_legacy_model": false
        },
        "extrinsics": {
            "translation": [
                2.0325170262404635,
                -0.9230833768738176,
                0.8548505042635179
            ],
            "rotation": [
                0.0,
                0.0,
                -0.7071068,
                0.7071068
            ]
        }
    }
}