{
    "source": {
        "intrinsics": {
            "type": "CMei",
            "SN": "example",
            "image_dimensions": [
                808.0,
                640.0
            ],
            "focal_length": [
                588.4771459112017,
                587.4989624023438
            ],
            "principal_point": [
                405.29486083984375,
                323.6235656738281
            ],
            "max_angle": 195.0,
            "max_radius": 0.823739,
            "radial_coefficients": [
                0.07764396071434021,
                -0.05282924324274063,
                -0.4766274094581604,
                0.0,
                0.0,
                0.0,
                0.0,
                0.0,
                0.0,
                0.0,
                0.0,
                0.0,
                0.0,
                0.0,
                0.0
            ],
            "tangential_coefficients": [
                0.0,
                0.0,
                0.0,
                0.0
            ],
            "spherical_projection_factor": 1.5055373907089233,
            "skew": 0.0,
            "embedded_lines": [
                0,
                0
            ],
            "roi_offset": [
                0,
                0
            ],
            "roi_dimensions": [
                808.0,
                640.0
            ]
        },
        "extrinsics": {
            "translation": [
                -1.0732191801071167,
                0.03407597541809082,
                0.8698822259902954
            ],
            "rotation": [
                -0.2691519627745299,
                -0.007452870880345462,
                0.9630645559429405,
                0.0028873407637185406
            ]
        }
    },
    "target": {
        "intrinsics": {
            "type": "DeformedCylinder",
            "image_dimensions": [
                768.0,
                768.0
            ],
            "focal_length": [
                229.185,
                229.185
            ],
            "principal_point": [
                384.0,
                303.06
            ],
            "cut_angle_upper": -20.0,
            "cut_angle_lower": 20.0,
            "use_legacy_model": false
        },
        "extrinsics": {
            "translation": [
                -1.006855512760313,
                -0.0004050172132420513,
                1.0169160972383011
            ],
            "rotation": [
                0.0,
                0.0,
                1.0,
                0.0
            ]
        }
    }
}